id,institutionCode,collectionCode,ownerInstitutionCode,collectionID,basisOfRecord,occurrenceID,catalogNumber,otherCatalogNumbers,kingdom,phylum,class,order,family,scientificName,taxonID,scientificNameAuthorship,genus,specificEpithet,taxonRank,infraspecificEpithet,identifiedBy,dateIdentified,identificationReferences,identificationRemarks,taxonRemarks,identificationQualifier,typeStatus,recordedBy,recordNumber,eventDate,year,month,day,startDayOfYear,endDayOfYear,verbatimEventDate,occurrenceRemarks,habitat,fieldNumber,informationWithheld,dataGeneralizations,dynamicProperties,associatedTaxa,reproductiveCondition,establishmentMeans,lifeStage,sex,individualCount,samplingProtocol,samplingEffort,preparations,country,stateProvince,county,municipality,locality,locationRemarks,decimalLatitude,decimalLongitude,geodeticDatum,coordinateUncertaintyInMeters,verbatimCoordinates,georeferencedBy,georeferenceProtocol,georeferenceSources,georeferenceVerificationStatus,georeferenceRemarks,minimumElevationInMeters,maximumElevationInMeters,minimumDepthInMeters,maximumDepthInMeters,verbatimDepth,verbatimElevation,disposition,language,recordEnteredBy,modified,rights,rightsHolder,accessRights,recordId,references
8163014,INABIOEC,MECN-ACR,INABIO,5461e06e-d617-40ce-9440-a07ce57b2cf5,PreservedSpecimen,4a4f39e0-1649-4c19-b4b6-913bb5cd793e,68,,,,,,Sarcoptidae,"Sarcoptes scabiei",,"Linnaeus | 1758",,,,,"Ricardo Villaba Briones",2022-02-02,,,,,,"Eliana Belen Molineros",,,,,,,,,"Encontrado en Lycalopex sechurae",,,,,,"Lycalopex sechurae",,,,,,,,,Ecuador,Guayas,Duran,Yaguachi,,,-2.221542,-79.70169,,,"S 2° 13' 17.553'' |O 79° 42' 6.086''",,,,,,,,,,,,,Español,mauricioherrera,"2022-06-07 14:57:19",http://creativecommons.org/licenses/by-nc/4.0/,"Gobierno del Ecuador- INABIO","Sin fines de lucro",urn:uuid:4a4f39e0-1649-4c19-b4b6-913bb5cd793e,https://bndb.sisbioecuador.bio:443/bndb/collections/individual/index.php?occid=8163014
7719762,INABIOEC,MECN-ACR,INABIO,5461e06e-d617-40ce-9440-a07ce57b2cf5,PreserverdSpecimen,e57f1fa0-91dc-47a1-bc43-7318db8703d5,1,,,,,,,,,,,,,,"Carlos Alberto Ortega Ojeda | Elsa Liliana Melo Molina",2019-04-01,,,,,,"Carlos Alberto Ortega Ojeda | Elsa Liliana Melo Molina",,2019-01-24,2019,1,24,24,,2019-1-24,Acari,"Terrestre; Hojarasca",1,,,,Cacao,Desconocido,Desconocido,Indeterminado,Indeterminado,3,"Embudos tipo Berlese-Tullgren modificado",,"Alcohol 75 %",Ecuador,Pichincha,"Distrito Metropolitano de Quito",Puellaro,Alchipichí,,0.039683,-78.40115,WGS84,,"N 0o 2,381 - W 78o 24,069",,,,,,2090,,,,,,,Spanish,"Elsa Liliana Melo Molina","2019-05-27 00:00:00",http://creativecommons.org/licenses/by-nc/4.0/,"Gobierno del Ecuador- INABIO","Sin fines de lucro",urn:uuid:e57f1fa0-91dc-47a1-bc43-7318db8703d5,https://bndb.sisbioecuador.bio:443/bndb/collections/individual/index.php?occid=7719762
7719763,INABIOEC,MECN-ACR,INABIO,5461e06e-d617-40ce-9440-a07ce57b2cf5,PreserverdSpecimen,e8255c30-6ffb-47db-bc2e-188c50e3bcd6,2,,,,,,,,,,,,,,"Carlos Alberto Ortega Ojeda | Elsa Liliana Melo Molina",2019-04-01,,,,,,"Carlos Alberto Ortega Ojeda | Elsa Liliana Melo Molina",,2019-01-24,2019,1,24,24,,2019-1-24,Acari,"Terrestre; Hojarasca",3,,,,"Palma africana",Desconocido,Desconocido,Indeterminado,Indeterminado,1,"Embudos tipo Berlese-Tullgren modificado por 5 días, se extraen en etanol al 75 %",,"Alcohol 75 %",Ecuador,Pichincha,"Distrito Metropolitano de Quito",Puellaro,Alchipichí,,0.039683,-78.40115,WGS84,,"N 0o 2,381 - W 78o 24,069",,,,,,2090,,,,,,,Spanish,"Elsa Liliana Melo Molina","2019-05-27 00:00:00",http://creativecommons.org/licenses/by-nc/4.0/,"Gobierno del Ecuador- INABIO","Sin fines de lucro",urn:uuid:e8255c30-6ffb-47db-bc2e-188c50e3bcd6,https://bndb.sisbioecuador.bio:443/bndb/collections/individual/index.php?occid=7719763
7719764,INABIOEC,MECN-ACR,INABIO,5461e06e-d617-40ce-9440-a07ce57b2cf5,PreserverdSpecimen,2e23f453-8c72-4d10-9183-87efd0b2b56f,3,,,,,,,,,,,,,,"Carlos Alberto Ortega Ojeda | Elsa Liliana Melo Molina",2019-04-01,,,,,,"Carlos Alberto Ortega Ojeda | Elsa Liliana Melo Molina",,2019-01-24,2019,1,24,24,,2019-1-24,Acari,"Terrestre; Hojarasca",11,,,,Cacao,Desconocido,Desconocido,Indeterminado,Indeterminado,18,"Embudos tipo Berlese-Tullgren modificado por 5 días, se extraen en etanol al 75 %",,"Alcohol 75 %",Ecuador,Pichincha,"Distrito Metropolitano de Quito",Puellaro,Alchipichí,,0.03965,-78.01117,WGS84,,"N 0o 2,379 - W 78o 24,067",,,,,,2096,,,,,,,Spanish,"Elsa Liliana Melo Molina","2019-05-27 00:00:00",http://creativecommons.org/licenses/by-nc/4.0/,"Gobierno del Ecuador- INABIO","Sin fines de lucro",urn:uuid:2e23f453-8c72-4d10-9183-87efd0b2b56f,https://bndb.sisbioecuador.bio:443/bndb/collections/individual/index.php?occid=7719764
7719765,INABIOEC,MECN-ACR,INABIO,5461e06e-d617-40ce-9440-a07ce57b2cf5,PreserverdSpecimen,a54acdfe-70e6-4722-8bcf-e55295907c64,4,,,,,,,,,,,,,,"Carlos Alberto Ortega Ojeda | Elsa Liliana Melo Molina",2019-04-01,,,,,,"Carlos Alberto Ortega Ojeda | Elsa Liliana Melo Molina",,2019-01-24,2019,1,24,24,,2019-1-24,Acari,"Terrestre; Hojarasca",19,,,,Cacao,Desconocido,Desconocido,Indeterminado,Indeterminado,42,"Embudos tipo Berlese-Tullgren modificado por 5 días, se extraen en etanol al 75 %",,"Alcohol 75 %",Ecuador,Pichincha,"Distrito Metropolitano de Quito",Puellaro,Alchipichí,,0.03965,-78.01117,WGS84,,"N 0o 2,379 - W 78o 24,067",,,,,,2096,,,,,,,Spanish,"Elsa Liliana Melo Molina","2019-05-27 00:00:00",http://creativecommons.org/licenses/by-nc/4.0/,"Gobierno del Ecuador- INABIO","Sin fines de lucro",urn:uuid:a54acdfe-70e6-4722-8bcf-e55295907c64,https://bndb.sisbioecuador.bio:443/bndb/collections/individual/index.php?occid=7719765
7719766,INABIOEC,MECN-ACR,INABIO,5461e06e-d617-40ce-9440-a07ce57b2cf5,PreserverdSpecimen,d300c4cb-a4a0-4eb0-a024-db9ffe1b90b7,5,,,,,,,,,,,,,,"Carlos Alberto Ortega Ojeda | Elsa Liliana Melo Molina",2019-04-01,,,,,,"Carlos Alberto Ortega Ojeda | Elsa Liliana Melo Molina",,2019-01-24,2019,1,24,24,,2019-1-24,Acari,"Terrestre; Suelo",20,,,,Cacao,Desconocido,Desconocido,Indeterminado,Indeterminado,4,"Embudos tipo Berlese-Tullgren modificado por 5 días, se extraen en etanol al 75 %",,"Alcohol 75 %",Ecuador,Pichincha,"Distrito Metropolitano de Quito",Puellaro,Alchipichí,,0.0396333,-78.40011,WGS84,,"N 0o 2,378 - W 78o 24,068",,,,,,2090,,,,,,,Spanish,"Elsa Liliana Melo Molina","2019-05-27 00:00:00",http://creativecommons.org/licenses/by-nc/4.0/,"Gobierno del Ecuador- INABIO","Sin fines de lucro",urn:uuid:d300c4cb-a4a0-4eb0-a024-db9ffe1b90b7,https://bndb.sisbioecuador.bio:443/bndb/collections/individual/index.php?occid=7719766
7719767,INABIOEC,MECN-ACR,INABIO,5461e06e-d617-40ce-9440-a07ce57b2cf5,PreserverdSpecimen,fc298356-49e3-4f04-a09e-f784173945e5,6,,,,,,,,,,,,,,"Carlos Alberto Ortega Ojeda | Elsa Liliana Melo Molina",2019-04-01,,,,,,"Carlos Alberto Ortega Ojeda | Elsa Liliana Melo Molina",,2019-01-24,2019,1,24,24,,2019-1-24,Acari,"Terrestre; Hojarasca",21,,,,Mango,Desconocido,Desconocido,Indeterminado,Indeterminado,5,"Embudos tipo Berlese-Tullgren modificado por 5 días, se extraen en etanol al 75 %",,"Alcohol 75 %",Ecuador,Pichincha,"Distrito Metropolitano de Quito",Puellaro,Alchipichí,,0.0396333,-78.40011,WGS84,,"N 0o 2,378 - W 78o 24,068",,,,,,2090,,,,,,,Spanish,"Elsa Liliana Melo Molina","2019-05-27 00:00:00",http://creativecommons.org/licenses/by-nc/4.0/,"Gobierno del Ecuador- INABIO","Sin fines de lucro",urn:uuid:fc298356-49e3-4f04-a09e-f784173945e5,https://bndb.sisbioecuador.bio:443/bndb/collections/individual/index.php?occid=7719767
7719768,INABIOEC,MECN-ACR,INABIO,5461e06e-d617-40ce-9440-a07ce57b2cf5,PreserverdSpecimen,9414f7e4-b894-4ad3-be27-41d616dd6bd7,7,,,,,,,,,,,,,,"Carlos Alberto Ortega Ojeda | Elsa Liliana Melo Molina",2019-04-01,,,,,,"Carlos Alberto Ortega Ojeda | Elsa Liliana Melo Molina",,2019-01-24,2019,1,24,24,,2019-1-24,Acari,"Terrestre; Suelo",22,,,,Mango,Desconocido,Desconocido,Indeterminado,Indeterminado,1,"Embudos tipo Berlese-Tullgren modificado por 5 días, se extraen en etanol al 75 %",,"Alcohol 75 %",Ecuador,Pichincha,"Distrito Metropolitano de Quito",Puellaro,Alchipichí,,0.03955,-78.84011,WGS84,,"N 0o 2,373 - W 78o 24,063",,,,,,2094,,,,,,,Spanish,"Elsa Liliana Melo Molina","2019-05-27 00:00:00",http://creativecommons.org/licenses/by-nc/4.0/,"Gobierno del Ecuador- INABIO","Sin fines de lucro",urn:uuid:9414f7e4-b894-4ad3-be27-41d616dd6bd7,https://bndb.sisbioecuador.bio:443/bndb/collections/individual/index.php?occid=7719768
7719769,INABIOEC,MECN-ACR,INABIO,5461e06e-d617-40ce-9440-a07ce57b2cf5,PreserverdSpecimen,88b406ea-bca7-4522-ae4c-4aa06461819f,8,,,,,,,,,,,,,,"Carlos Alberto Ortega Ojeda | Elsa Liliana Melo Molina",2019-04-01,,,,,,"Carlos Alberto Ortega Ojeda | Elsa Liliana Melo Molina",,2019-01-24,2019,1,24,24,,2019-1-24,Acari,"Terrestre; Suelo",30,,,,Papaya,Desconocido,Desconocido,Indeterminado,Indeterminado,2,"Embudos tipo Berlese-Tullgren modificado por 5 días, se extraen en etanol al 75 %",,"Alcohol 75 %",Ecuador,Pichincha,"Distrito Metropolitano de Quito",Puellaro,Alchipichí,,0.03955,-78.84011,WGS84,,"N 0o 2,373 - W 78o 24,063",,,,,,2094,,,,,,,Spanish,"Elsa Liliana Melo Molina","2019-05-27 00:00:00",http://creativecommons.org/licenses/by-nc/4.0/,"Gobierno del Ecuador- INABIO","Sin fines de lucro",urn:uuid:88b406ea-bca7-4522-ae4c-4aa06461819f,https://bndb.sisbioecuador.bio:443/bndb/collections/individual/index.php?occid=7719769
7719770,INABIOEC,MECN-ACR,INABIO,5461e06e-d617-40ce-9440-a07ce57b2cf5,PreserverdSpecimen,a91a7aaa-abb5-475e-84c4-87f8bb043905,9,,,,,,,,,,,,,,"Carlos Alberto Ortega Ojeda | Elsa Liliana Melo Molina",2019-04-01,,,,,,"Carlos Alberto Ortega Ojeda | Elsa Liliana Melo Molina",,2018-02-09,2018,2,9,40,,2018-2-9,Acari,"Terrestre; Hojarasca",31,,,,palma,Desconocido,Desconocido,Indeterminado,Indeterminado,2,"Embudos tipo Berlese-Tullgren modificado por 5 días, se extraen en etanol al 75 %",,"Alcohol 75 %",Ecuador,Pichincha,"Distrito Metropolitano de Quito","San Jose de Minas",CADET,,0.2311,-78.485866,WGS84,,"N 0o 13,886 - W 78o 22,152",,,,,,2504,,,,,,,Spanish,"Elsa Liliana Melo Molina","2019-05-27 00:00:00",http://creativecommons.org/licenses/by-nc/4.0/,"Gobierno del Ecuador- INABIO","Sin fines de lucro",urn:uuid:a91a7aaa-abb5-475e-84c4-87f8bb043905,https://bndb.sisbioecuador.bio:443/bndb/collections/individual/index.php?occid=7719770
7719771,INABIOEC,MECN-ACR,INABIO,5461e06e-d617-40ce-9440-a07ce57b2cf5,PreserverdSpecimen,799eb9da-d234-4ff4-98f7-2192c044d7da,10,,,,,,,,,,,,,,"Carlos Alberto Ortega Ojeda | Elsa Liliana Melo Molina",2019-04-01,,,,,,"Carlos Alberto Ortega Ojeda | Elsa Liliana Melo Molina",,2018-02-09,2018,2,9,40,,2018-2-9,Acari,"Terrestre; Suelo",38,,,,Guabo,Desconocido,Desconocido,Indeterminado,Indeterminado,1,"Embudos tipo Berlese-Tullgren modificado por 5 días, se extraen en etanol al 75 %",,"Alcohol 75 %",Ecuador,Pichincha,"Distrito Metropolitano de Quito","San Jose de Minas",CADET,,0.2311,-78.485866,WGS84,,"N 0o 13,886 - W 78o 22,152",,,,,,2504,,,,,,,Spanish,"Elsa Liliana Melo Molina","2019-05-27 00:00:00",http://creativecommons.org/licenses/by-nc/4.0/,"Gobierno del Ecuador- INABIO","Sin fines de lucro",urn:uuid:799eb9da-d234-4ff4-98f7-2192c044d7da,https://bndb.sisbioecuador.bio:443/bndb/collections/individual/index.php?occid=7719771
7719772,INABIOEC,MECN-ACR,INABIO,5461e06e-d617-40ce-9440-a07ce57b2cf5,PreserverdSpecimen,cf7ce056-f2d1-4759-8b4b-c4502589bfc4,11,,,,,,,,,,,,,,"Carlos Alberto Ortega Ojeda | Elsa Liliana Melo Molina",2019-04-01,,,,,,"Carlos Alberto Ortega Ojeda | Elsa Liliana Melo Molina",,2018-02-09,2018,2,9,40,,2018-2-9,Acari,"Terrestre; Suelo",40,,,,Guabo,Desconocido,Desconocido,Indeterminado,Indeterminado,2,"Embudos tipo Berlese-Tullgren modificado por 5 días, se extraen en etanol al 75 %",,"Alcohol 75 %",Ecuador,Pichincha,"Distrito Metropolitano de Quito","San Jose de Minas",CADET,,0.2311,-78.485866,WGS84,,"S 0o 13,886 - W 78o 22,155",,,,,,2504,,,,,,,Spanish,"Elsa Liliana Melo Molina","2019-05-27 00:00:00",http://creativecommons.org/licenses/by-nc/4.0/,"Gobierno del Ecuador- INABIO","Sin fines de lucro",urn:uuid:cf7ce056-f2d1-4759-8b4b-c4502589bfc4,https://bndb.sisbioecuador.bio:443/bndb/collections/individual/index.php?occid=7719772
7719773,INABIOEC,MECN-ACR,INABIO,5461e06e-d617-40ce-9440-a07ce57b2cf5,PreserverdSpecimen,cc1da035-072d-4242-a7ca-171e795cddc6,12,,,,,,,,,,,,,,"Carlos Alberto Ortega Ojeda | Elsa Liliana Melo Molina",2019-04-01,,,,,,"Carlos Alberto Ortega Ojeda | Elsa Liliana Melo Molina",,2018-02-09,2018,2,9,40,,2018-2-9,Acari,"Terrestre; Suelo",42,,,,Jícama,Desconocido,Desconocido,Indeterminado,Indeterminado,21,"Embudos tipo Berlese-Tullgren modificado por 5 días, se extraen en etanol al 75 %",,"Alcohol 75 %",Ecuador,Pichincha,"Distrito Metropolitano de Quito","San Jose de Minas",CADET,,0.2311,-78.485866,WGS84,,"S 0o 13,886 - W 78o 22,155",,,,,,2504,,,,,,,Spanish,"Elsa Liliana Melo Molina","2019-05-27 00:00:00",http://creativecommons.org/licenses/by-nc/4.0/,"Gobierno del Ecuador- INABIO","Sin fines de lucro",urn:uuid:cc1da035-072d-4242-a7ca-171e795cddc6,https://bndb.sisbioecuador.bio:443/bndb/collections/individual/index.php?occid=7719773
7719774,INABIOEC,MECN-ACR,INABIO,5461e06e-d617-40ce-9440-a07ce57b2cf5,PreserverdSpecimen,24269412-2ad0-40cf-9509-e2fd908768c6,13,,,,,,,,,,,,,,"Carlos Alberto Ortega Ojeda | Elsa Liliana Melo Molina",2019-04-01,,,,,,"Carlos Alberto Ortega Ojeda | Elsa Liliana Melo Molina",,2018-02-09,2018,2,9,40,,2018-2-9,Acari,"Terrestre; Hojarasca",51,,,,Jícama,Desconocido,Desconocido,Indeterminado,Indeterminado,15,"Embudos tipo Berlese-Tullgren modificado por 5 días, se extraen en etanol al 75 %",,"Alcohol 75 %",Ecuador,Pichincha,"Distrito Metropolitano de Quito","San Jose de Minas",CADET,,0.2311,-78.485866,WGS84,,"S 0o 13,892 - W 78o 22,152",,,,,,2513,,,,,,,Spanish,"Elsa Liliana Melo Molina","2019-05-27 00:00:00",http://creativecommons.org/licenses/by-nc/4.0/,"Gobierno del Ecuador- INABIO","Sin fines de lucro",urn:uuid:24269412-2ad0-40cf-9509-e2fd908768c6,https://bndb.sisbioecuador.bio:443/bndb/collections/individual/index.php?occid=7719774
7719775,INABIOEC,MECN-ACR,INABIO,5461e06e-d617-40ce-9440-a07ce57b2cf5,PreserverdSpecimen,566a0025-05ab-47ca-9202-aa735774ba11,14,,,,,,,,,,,,,,"Carlos Alberto Ortega Ojeda | Elsa Liliana Melo Molina",2019-04-01,,,,,,"Carlos Alberto Ortega Ojeda | Elsa Liliana Melo Molina",,2018-02-09,2018,2,9,40,,2018-2-9,Acari,"Terrestre; Suelo",52,,,,Eucalipto,Desconocido,Desconocido,Indeterminado,Indeterminado,3,"Embudos tipo Berlese-Tullgren modificado por 5 días, se extraen en etanol al 75 %",,"Alcohol 75 %",Ecuador,Pichincha,"Distrito Metropolitano de Quito","San Jose de Minas",CADET,,0.2311,-78.485866,WGS84,,"S 0o 13,892 - W 78o 22,153",,,,,,2514,,,,,,,Spanish,"Elsa Liliana Melo Molina","2019-05-27 00:00:00",http://creativecommons.org/licenses/by-nc/4.0/,"Gobierno del Ecuador- INABIO","Sin fines de lucro",urn:uuid:566a0025-05ab-47ca-9202-aa735774ba11,https://bndb.sisbioecuador.bio:443/bndb/collections/individual/index.php?occid=7719775
7719776,INABIOEC,MECN-ACR,INABIO,5461e06e-d617-40ce-9440-a07ce57b2cf5,PreserverdSpecimen,5bbefa52-7f8f-4d7c-abe6-57c0555a8bd9,15,,,,,,,,,,,,,,"Carlos Alberto Ortega Ojeda | Elsa Liliana Melo Molina",2019-04-01,,,,,,"Carlos Alberto Ortega Ojeda | Elsa Liliana Melo Molina",,2018-02-09,2018,2,9,40,,2018-2-9,Acari,"Terrestre; Hojarasca",53,,,,Eucalipto,Desconocido,Desconocido,Indeterminado,Indeterminado,11,"Embudos tipo Berlese-Tullgren modificado por 5 días, se extraen en etanol al 75 %",,"Alcohol 75 %",Ecuador,Pichincha,"Distrito Metropolitano de Quito","San Jose de Minas",CADET,,-0.231283,-78.36928,WGS84,,"S 0o 13,877 - W 78o 22,157",,,,,,2503,,,,,,,Spanish,"Elsa Liliana Melo Molina","2019-05-27 00:00:00",http://creativecommons.org/licenses/by-nc/4.0/,"Gobierno del Ecuador- INABIO","Sin fines de lucro",urn:uuid:5bbefa52-7f8f-4d7c-abe6-57c0555a8bd9,https://bndb.sisbioecuador.bio:443/bndb/collections/individual/index.php?occid=7719776
7719777,INABIOEC,MECN-ACR,INABIO,5461e06e-d617-40ce-9440-a07ce57b2cf5,PreserverdSpecimen,dc9c037d-a49d-4f4b-a560-74b66ceb9928,16,,,,,,,,,,,,,,"Carlos Alberto Ortega Ojeda | Elsa Liliana Melo Molina",2019-04-01,,,,,,"Carlos Alberto Ortega Ojeda | Elsa Liliana Melo Molina",,2018-02-09,2018,2,9,40,,2018-2-9,Acari,"Terrestre; Hojarasca",55,,,,Zuchini,Desconocido,Desconocido,Indeterminado,Indeterminado,5,"Embudos tipo Berlese-Tullgren modificado por 5 días, se extraen en etanol al 75 %",,"Alcohol 75 %",Ecuador,Pichincha,"Distrito Metropolitano de Quito","San Jose de Minas",CADET,,-0.231283,-78.36928,WGS84,,"S 0o 13,877 - W 78o 22,157",,,,,,2503,,,,,,,Spanish,"Elsa Liliana Melo Molina","2019-05-27 00:00:00",http://creativecommons.org/licenses/by-nc/4.0/,"Gobierno del Ecuador- INABIO","Sin fines de lucro",urn:uuid:dc9c037d-a49d-4f4b-a560-74b66ceb9928,https://bndb.sisbioecuador.bio:443/bndb/collections/individual/index.php?occid=7719777
7719778,INABIOEC,MECN-ACR,INABIO,5461e06e-d617-40ce-9440-a07ce57b2cf5,PreserverdSpecimen,c7763b31-8681-425d-968a-bd4d1d1e51f8,17,,,,,,,,,,,,,,"Carlos Alberto Ortega Ojeda | Elsa Liliana Melo Molina",2019-04-01,,,,,,"Carlos Alberto Ortega Ojeda | Elsa Liliana Melo Molina",,2018-02-09,2018,2,9,40,,2018-2-9,Acari,"Terrestre; Suelo",56,,,,Zuchini,Desconocido,Desconocido,Indeterminado,Indeterminado,1,"Embudos tipo Berlese-Tullgren modificado por 5 días, se extraen en etanol al 75 %",,"Alcohol 75 %",Ecuador,Pichincha,"Distrito Metropolitano de Quito","San Jose de Minas",CADET,,-0.23155,-78.369916,WGS84,,"S 0o 13,869 - W 78o 22,195",,,,,,2502,,,,,,,Spanish,"Elsa Liliana Melo Molina","2019-05-27 00:00:00",http://creativecommons.org/licenses/by-nc/4.0/,"Gobierno del Ecuador- INABIO","Sin fines de lucro",urn:uuid:c7763b31-8681-425d-968a-bd4d1d1e51f8,https://bndb.sisbioecuador.bio:443/bndb/collections/individual/index.php?occid=7719778
7719779,INABIOEC,MECN-ACR,INABIO,5461e06e-d617-40ce-9440-a07ce57b2cf5,PreserverdSpecimen,a5c3765b-8d58-4e53-9cfb-c5d07f95fcee,18,,,,,,,,,,,,,,"Carlos Alberto Ortega Ojeda | Elsa Liliana Melo Molina",2019-04-01,,,,,,"Carlos Alberto Ortega Ojeda | Elsa Liliana Melo Molina",,2018-02-09,2018,2,9,40,,2018-2-9,Acari,"Terrestre; Hojarasca",57,,,,Zuchini,Desconocido,Desconocido,Indeterminado,Indeterminado,2,"Embudos tipo Berlese-Tullgren modificado por 5 días, se extraen en etanol al 75 %",,"Alcohol 75 %",Ecuador,Pichincha,"Distrito Metropolitano de Quito","San Jose de Minas",CADET,,-0.23155,-78.369916,WGS84,,"S 0o 13,869 - W 78o 22,195",,,,,,2502,,,,,,,Spanish,"Elsa Liliana Melo Molina","2019-05-27 00:00:00",http://creativecommons.org/licenses/by-nc/4.0/,"Gobierno del Ecuador- INABIO","Sin fines de lucro",urn:uuid:a5c3765b-8d58-4e53-9cfb-c5d07f95fcee,https://bndb.sisbioecuador.bio:443/bndb/collections/individual/index.php?occid=7719779
7719780,INABIOEC,MECN-ACR,INABIO,5461e06e-d617-40ce-9440-a07ce57b2cf5,PreserverdSpecimen,ffcbc1ec-db20-4c38-8c00-769e4c0d7b13,19,,,,,,,,,,,,,,"Carlos Alberto Ortega Ojeda | Elsa Liliana Melo Molina",2019-04-01,,,,,,"Carlos Alberto Ortega Ojeda | Elsa Liliana Melo Molina",,2019-01-24,2019,1,24,24,,2019-1-24,Acari,"Terrestre; Suelo",58,,,,Guayabo,Desconocido,Desconocido,Indeterminado,Indeterminado,4,"Embudos tipo Berlese-Tullgren modificado por 5 días, se extraen en etanol al 75 %",,"Alcohol 75 %",Ecuador,Pichincha,"San Miguel de los Bancos",Mindo,"El Eden",,-0.079783,-78.74935,WGS84,,"S 0o 4,787 - W 78o 44,961",,,,,,1535,,,,,,,Spanish,"Elsa Liliana Melo Molina","2019-05-27 00:00:00",http://creativecommons.org/licenses/by-nc/4.0/,"Gobierno del Ecuador- INABIO","Sin fines de lucro",urn:uuid:ffcbc1ec-db20-4c38-8c00-769e4c0d7b13,https://bndb.sisbioecuador.bio:443/bndb/collections/individual/index.php?occid=7719780
7719781,INABIOEC,MECN-ACR,INABIO,5461e06e-d617-40ce-9440-a07ce57b2cf5,PreserverdSpecimen,b7a9f5ea-66e8-4a0a-824d-4270a7195225,20,,,,,,,,,,,,,,"Carlos Alberto Ortega Ojeda | Elsa Liliana Melo Molina",2019-04-01,,,,,,"Carlos Alberto Ortega Ojeda | Elsa Liliana Melo Molina",,2019-01-24,2019,1,24,24,,2019-1-24,Acari,"Terrestre; Suelo",66,,,,Guayabo,Desconocido,Desconocido,Indeterminado,Indeterminado,1,"Embudos tipo Berlese-Tullgren modificado por 5 días, se extraen en etanol al 75 %",,"Alcohol 75 %",Ecuador,Pichincha,"San Miguel de los Bancos",Mindo,"El Eden",,-0.079783,-78.74935,WGS84,,"S 0o 4,787 - W 78o 44,961",,,,,,1535,,,,,,,Spanish,"Elsa Liliana Melo Molina","2019-05-27 00:00:00",http://creativecommons.org/licenses/by-nc/4.0/,"Gobierno del Ecuador- INABIO","Sin fines de lucro",urn:uuid:b7a9f5ea-66e8-4a0a-824d-4270a7195225,https://bndb.sisbioecuador.bio:443/bndb/collections/individual/index.php?occid=7719781
7719782,INABIOEC,MECN-ACR,INABIO,5461e06e-d617-40ce-9440-a07ce57b2cf5,PreserverdSpecimen,3806e49a-49c8-4005-a642-376b0b6bc1da,21,,,,,,,,,,,,,,"Carlos Alberto Ortega Ojeda | Elsa Liliana Melo Molina",2019-04-01,,,,,,"Carlos Alberto Ortega Ojeda | Elsa Liliana Melo Molina",,2019-01-24,2019,1,24,24,,2019-1-24,Acari,"Terrestre; Hojarasca",71,,,,Limón,Desconocido,Desconocido,Indeterminado,Indeterminado,9,"Embudos tipo Berlese-Tullgren modificado por 5 días, se extraen en etanol al 75 %",,"Alcohol 75 %",Ecuador,Pichincha,"San Miguel de los Bancos",Mindo,"El Eden",,-0.079583,-78.739516,WGS84,,"S 0o 4,775 - W 78o 44,971",,,,,,1526,,,,,,,Spanish,"Elsa Liliana Melo Molina","2019-05-27 00:00:00",http://creativecommons.org/licenses/by-nc/4.0/,"Gobierno del Ecuador- INABIO","Sin fines de lucro",urn:uuid:3806e49a-49c8-4005-a642-376b0b6bc1da,https://bndb.sisbioecuador.bio:443/bndb/collections/individual/index.php?occid=7719782
7719783,INABIOEC,MECN-ACR,INABIO,5461e06e-d617-40ce-9440-a07ce57b2cf5,PreserverdSpecimen,d460eeb5-a480-4a46-b530-1e8c6d06e031,22,,,,,,,,,,,,,,"Carlos Alberto Ortega Ojeda | Elsa Liliana Melo Molina",2019-04-01,,,,,,"Carlos Alberto Ortega Ojeda | Elsa Liliana Melo Molina",,2019-01-24,2019,1,24,24,,2019-1-24,Acari,"Terrestre; Hojarasca",73,,,,Limón,Desconocido,Desconocido,Indeterminado,Indeterminado,3,"Embudos tipo Berlese-Tullgren modificado por 5 días, se extraen en etanol al 75 %",,"Alcohol 75 %",Ecuador,Pichincha,"San Miguel de los Bancos",Mindo,"El Eden",,-0.079583,-78.739516,WGS84,,"S 0o 4,775 - W 78o 44,971",,,,,,1526,,,,,,,Spanish,"Elsa Liliana Melo Molina","2019-05-27 00:00:00",http://creativecommons.org/licenses/by-nc/4.0/,"Gobierno del Ecuador- INABIO","Sin fines de lucro",urn:uuid:d460eeb5-a480-4a46-b530-1e8c6d06e031,https://bndb.sisbioecuador.bio:443/bndb/collections/individual/index.php?occid=7719783
7719784,INABIOEC,MECN-ACR,INABIO,5461e06e-d617-40ce-9440-a07ce57b2cf5,PreserverdSpecimen,e654162f-de5e-4958-b841-0385ff2a7edb,23,,,,,,,,,,,,,,"Carlos Alberto Ortega Ojeda | Elsa Liliana Melo Molina",2019-04-01,,,,,,"Carlos Alberto Ortega Ojeda | Elsa Liliana Melo Molina",,2019-01-24,2019,1,24,24,,2019-1-24,Acari,"Terrestre; Suelo",74,,,,Café,Desconocido,Desconocido,Indeterminado,Indeterminado,1,"Embudos tipo Berlese-Tullgren modificado por 5 días, se extraen en etanol al 75 %",,"Alcohol 75 %",Ecuador,Pichincha,"San Miguel de los Bancos",Mindo,"El Eden",,-0.080683,-78.746166,WGS84,,"S 0o 4,841 - W 78o 44,770",,,,,,1532,,,,,,,Spanish,"Elsa Liliana Melo Molina","2019-05-27 00:00:00",http://creativecommons.org/licenses/by-nc/4.0/,"Gobierno del Ecuador- INABIO","Sin fines de lucro",urn:uuid:e654162f-de5e-4958-b841-0385ff2a7edb,https://bndb.sisbioecuador.bio:443/bndb/collections/individual/index.php?occid=7719784
7719785,INABIOEC,MECN-ACR,INABIO,5461e06e-d617-40ce-9440-a07ce57b2cf5,PreserverdSpecimen,23c45590-d6fb-4c81-8654-c80c6ab2184a,24,,,,,,,,,,,,,,"Carlos Alberto Ortega Ojeda | Elsa Liliana Melo Molina",2019-04-01,,,,,,"Carlos Alberto Ortega Ojeda | Elsa Liliana Melo Molina",,2019-01-24,2019,1,24,24,,2019-1-24,Acari,"Terrestre; Hojarasca",75,,,,Café,Desconocido,Desconocido,Indeterminado,Indeterminado,4,"Embudos tipo Berlese-Tullgren modificado por 5 días, se extraen en etanol al 75 %",,"Alcohol 75 %",Ecuador,Pichincha,"San Miguel de los Bancos",Mindo,"El Eden",,-0.080683,-78.746166,WGS84,,"S 0o 4,841 - W 78o 44,770",,,,,,1532,,,,,,,Spanish,"Elsa Liliana Melo Molina","2019-05-27 00:00:00",http://creativecommons.org/licenses/by-nc/4.0/,"Gobierno del Ecuador- INABIO","Sin fines de lucro",urn:uuid:23c45590-d6fb-4c81-8654-c80c6ab2184a,https://bndb.sisbioecuador.bio:443/bndb/collections/individual/index.php?occid=7719785
7719786,INABIOEC,MECN-ACR,INABIO,5461e06e-d617-40ce-9440-a07ce57b2cf5,PreserverdSpecimen,e4653e86-4460-43cf-9df5-4071945e8625,25,,,,,,,,,,,,,,"Carlos Alberto Ortega Ojeda | Elsa Liliana Melo Molina",2019-04-01,,,,,,"Carlos Alberto Ortega Ojeda | Elsa Liliana Melo Molina",,2018-01-24,2018,1,24,24,,2018-1-24,Acari,"Terrestre; Suelo",78,,,,Caña,Desconocido,Desconocido,Indeterminado,Indeterminado,4,"Embudos tipo Berlese-Tullgren modificado por 5 días, se extraen en etanol al 75 %",,"Alcohol 75 %",Ecuador,Pichincha,"San Miguel de los Bancos",Mindo,"El Eden",,-0.081333,-78.74605,WGS84,,"S 0o 4,840 - W 78o 44,763",,,,,,1546,,,,,,,Spanish,"Elsa Liliana Melo Molina","2019-05-27 00:00:00",http://creativecommons.org/licenses/by-nc/4.0/,"Gobierno del Ecuador- INABIO","Sin fines de lucro",urn:uuid:e4653e86-4460-43cf-9df5-4071945e8625,https://bndb.sisbioecuador.bio:443/bndb/collections/individual/index.php?occid=7719786
7719787,INABIOEC,MECN-ACR,INABIO,5461e06e-d617-40ce-9440-a07ce57b2cf5,PreserverdSpecimen,762d7512-7d77-415d-ba73-239d364f11b4,26,,,,,,,,,,,,,,"Carlos Alberto Ortega Ojeda | Elsa Liliana Melo Molina",2019-04-01,,,,,,"Carlos Alberto Ortega Ojeda | Elsa Liliana Melo Molina",,2019-01-24,2019,1,24,24,,2019-1-24,Acari,"Terrestre; Hojarasca",79,,,,Caña,Desconocido,Desconocido,Indeterminado,Indeterminado,4,"Embudos tipo Berlese-Tullgren modificado por 5 días, se extraen en etanol al 75 %",,"Alcohol 75 %",Ecuador,Pichincha,"San Miguel de los Bancos",Mindo,"El Eden",,-0.081333,-78.74605,WGS84,,"S 0o 4,840 - W 78o 44,763",,,,,,1546,,,,,,,Spanish,"Elsa Liliana Melo Molina","2019-05-27 00:00:00",http://creativecommons.org/licenses/by-nc/4.0/,"Gobierno del Ecuador- INABIO","Sin fines de lucro",urn:uuid:762d7512-7d77-415d-ba73-239d364f11b4,https://bndb.sisbioecuador.bio:443/bndb/collections/individual/index.php?occid=7719787
7719788,INABIOEC,MECN-ACR,INABIO,5461e06e-d617-40ce-9440-a07ce57b2cf5,PreserverdSpecimen,4f623ac6-a841-4b91-bb7d-4ebadc198eb2,27,,,,,,,,,,,,,,"Carlos Alberto Ortega Ojeda | Elsa Liliana Melo Molina",2019-04-01,,,,,,"Carlos Alberto Ortega Ojeda | Elsa Liliana Melo Molina",,2018-02-09,2018,2,9,40,,2018-2-9,Acari,"Terrestre; Hojarasca",83,,,,Eucalipto,Desconocido,Desconocido,Indeterminado,Indeterminado,1,"Embudos tipo Berlese-Tullgren modificado por 5 días, se extraen en etanol al 75 %",,"Alcohol 75 %",Ecuador,Pichincha,"distrito Metropolitano de Quito","San Jose de Minas",CADET,,-0.231533,-78.369216,WGS84,,"S 0o 13,892 - W 78o 22,153",,,,,,2514,,,,,,,Spanish,"Elsa Liliana Melo Molina","2019-05-27 00:00:00",http://creativecommons.org/licenses/by-nc/4.0/,"Gobierno del Ecuador- INABIO","Sin fines de lucro",urn:uuid:4f623ac6-a841-4b91-bb7d-4ebadc198eb2,https://bndb.sisbioecuador.bio:443/bndb/collections/individual/index.php?occid=7719788
7719789,INABIOEC,MECN-ACR,INABIO,5461e06e-d617-40ce-9440-a07ce57b2cf5,PreserverdSpecimen,dd4c1508-48e3-4754-b36b-27a7f7b253ae,28,,,,,,,,,,,,,,"Carlos Alberto Ortega Ojeda | Elsa Liliana Melo Molina",2019-04-01,,,,,,"Carlos Alberto Ortega Ojeda | Elsa Liliana Melo Molina",,2018-02-09,2018,2,9,40,,2018-2-9,Acari,"Terrestre; Hojarasca",87,,,,"ciruelo chino",Desconocido,Desconocido,Indeterminado,Indeterminado,20,"Embudos tipo Berlese-Tullgren modificado por 5 días, se extraen en etanol al 75 %",,"Alcohol 75 %",Ecuador,Pichincha,"distrito Metropolitano de Quito","San Jose de Minas",CADET,,-0.231533,-78.369916,WGS84,,"S 0o 13,869 - W 78o 22,195",,,,,,2502,,,,,,,Spanish,"Elsa Liliana Melo Molina","2019-05-27 00:00:00",http://creativecommons.org/licenses/by-nc/4.0/,"Gobierno del Ecuador- INABIO","Sin fines de lucro",urn:uuid:dd4c1508-48e3-4754-b36b-27a7f7b253ae,https://bndb.sisbioecuador.bio:443/bndb/collections/individual/index.php?occid=7719789
7719790,INABIOEC,MECN-ACR,INABIO,5461e06e-d617-40ce-9440-a07ce57b2cf5,PreserverdSpecimen,0c359b61-cae3-41eb-afd0-efb7c5c9f31e,29,,,,,,,,,,,,,,"Carlos Alberto Ortega Ojeda | Elsa Liliana Melo Molina",2019-04-01,,,,,,"Carlos Alberto Ortega Ojeda | Elsa Liliana Melo Molina",,2018-02-09,2018,2,9,40,,2018-2-9,Acari,"Terrestre; Hojarasca",89,,,,"ciruelo chino",Desconocido,Desconocido,Indeterminado,Indeterminado,1,"Embudos tipo Berlese-Tullgren modificado por 5 días, se extraen en etanol al 75 %",,"Alcohol 75 %",Ecuador,Pichincha,"distrito Metropolitano de Quito","San Jose de Minas",CADET,,-0.231533,-78.369916,WGS84,,"S 0o 13,869 - W 78o 22,195",,,,,,2502,,,,,,,Spanish,"Elsa Liliana Melo Molina","2019-05-27 00:00:00",http://creativecommons.org/licenses/by-nc/4.0/,"Gobierno del Ecuador- INABIO","Sin fines de lucro",urn:uuid:0c359b61-cae3-41eb-afd0-efb7c5c9f31e,https://bndb.sisbioecuador.bio:443/bndb/collections/individual/index.php?occid=7719790
7719791,INABIOEC,MECN-ACR,INABIO,5461e06e-d617-40ce-9440-a07ce57b2cf5,PreserverdSpecimen,3e26f1cf-2247-4bff-a70c-58dd5a2bb4cd,30,,,,,,,,,,,,,,"Carlos Alberto Ortega Ojeda | Elsa Liliana Melo Molina",2019-04-01,,,,,,"Carlos Alberto Ortega Ojeda | Elsa Liliana Melo Molina",,2018-02-09,2018,2,9,40,,2018-2-9,Acari,"Terrestre; Hojarasca",91,,,,Caraca,Desconocido,Desconocido,Indeterminado,Indeterminado,21,"Embudos tipo Berlese-Tullgren modificado por 5 días, se extraen en etanol al 75 %",,"Alcohol 75 %",Ecuador,Pichincha,"Distrito Metropolitano de Quito",Puellaro,Alchipichí,,0.039683,-78.40115,WGS84,,"N 0o 2,381 - W 78o 24,069",,,,,,2090,,,,,,,Spanish,"Elsa Liliana Melo Molina","2019-05-27 00:00:00",http://creativecommons.org/licenses/by-nc/4.0/,"Gobierno del Ecuador- INABIO","Sin fines de lucro",urn:uuid:3e26f1cf-2247-4bff-a70c-58dd5a2bb4cd,https://bndb.sisbioecuador.bio:443/bndb/collections/individual/index.php?occid=7719791
7719792,INABIOEC,MECN-ACR,INABIO,5461e06e-d617-40ce-9440-a07ce57b2cf5,PreserverdSpecimen,5a782177-4dcc-4423-b3f9-fd44def18581,31,,,,,,,,,,,,,,"Carlos Alberto Ortega Ojeda | Elsa Liliana Melo Molina",2019-04-01,,,,,,"Carlos Alberto Ortega Ojeda | Elsa Liliana Melo Molina",,2018-02-09,2018,2,9,40,,2018-2-9,Acari,"Terrestre; Hojarasca",95,,,,Coojo,Desconocido,Desconocido,Indeterminado,Indeterminado,62,"Embudos tipo Berlese-Tullgren modificado por 5 días, se extraen en etanol al 75 %",,"Alcohol 75 %",Ecuador,Pichincha,"Distrito Metropolitano de Quito",Puellaro,Alchipichí,,0.039683,-78.40115,WGS84,,"N 0o 2,381 - W 78o 24,069",,,,,,2090,,,,,,,Spanish,"Elsa Liliana Melo Molina","2019-05-27 00:00:00",http://creativecommons.org/licenses/by-nc/4.0/,"Gobierno del Ecuador- INABIO","Sin fines de lucro",urn:uuid:5a782177-4dcc-4423-b3f9-fd44def18581,https://bndb.sisbioecuador.bio:443/bndb/collections/individual/index.php?occid=7719792
7719793,INABIOEC,MECN-ACR,INABIO,5461e06e-d617-40ce-9440-a07ce57b2cf5,PreserverdSpecimen,b89d1f13-70d1-4ea3-98c0-e7ed3536a857,32,,,,,,,,,,,,,,"Carlos Alberto Ortega Ojeda | Elsa Liliana Melo Molina",2019-04-01,,,,,,"Carlos Alberto Ortega Ojeda | Elsa Liliana Melo Molina",,2018-02-09,2018,2,9,40,,2018-2-9,Acari,"Terrestre; Hojarasca",97,,,,Cordoncillo,Desconocido,Desconocido,Indeterminado,Indeterminado,31,"Embudos tipo Berlese-Tullgren modificado por 5 días, se extraen en etanol al 75 %",,"Alcohol 75 %",Ecuador,Pichincha,"Distrito Metropolitano de Quito",Puellaro,Alchipichí,,0.039683,-78.40115,WGS84,,"N 0o 2,379 - W 78o 24,067",,,,,,2096,,,,,,,Spanish,"Elsa Liliana Melo Molina","2019-05-27 00:00:00",http://creativecommons.org/licenses/by-nc/4.0/,"Gobierno del Ecuador- INABIO","Sin fines de lucro",urn:uuid:b89d1f13-70d1-4ea3-98c0-e7ed3536a857,https://bndb.sisbioecuador.bio:443/bndb/collections/individual/index.php?occid=7719793
7719794,INABIOEC,MECN-ACR,INABIO,5461e06e-d617-40ce-9440-a07ce57b2cf5,PreserverdSpecimen,38a92bad-84a0-434a-8058-6b82ac28a8a0,33,,,,,,,,,,,,,,"Carlos Alberto Ortega Ojeda | Elsa Liliana Melo Molina",2019-04-01,,,,,,"Carlos Alberto Ortega Ojeda | Elsa Liliana Melo Molina",,2018-02-09,2018,2,9,40,,2018-2-9,Acari,"Terrestre; Hojarasca",99,,,,Cordoncillo,Desconocido,Desconocido,Indeterminado,Indeterminado,22,"Embudos tipo Berlese-Tullgren modificado por 5 días, se extraen en etanol al 75 %",,"Alcohol 75 %",Ecuador,Pichincha,"Distrito Metropolitano de Quito",Puellaro,Alchipichí,,0.039683,-78.40115,WGS84,,"N 0o 2,379 - W 78o 24,067",,,,,,2096,,,,,,,Spanish,"Elsa Liliana Melo Molina","2019-05-27 00:00:00",http://creativecommons.org/licenses/by-nc/4.0/,"Gobierno del Ecuador- INABIO","Sin fines de lucro",urn:uuid:38a92bad-84a0-434a-8058-6b82ac28a8a0,https://bndb.sisbioecuador.bio:443/bndb/collections/individual/index.php?occid=7719794
7719795,INABIOEC,MECN-ACR,INABIO,5461e06e-d617-40ce-9440-a07ce57b2cf5,PreserverdSpecimen,7942e191-3618-4b8a-990c-45f422541694,34,,,,,,,,,,,,,,"Carlos Alberto Ortega Ojeda | Elsa Liliana Melo Molina",2019-04-01,,,,,,"Carlos Alberto Ortega Ojeda | Elsa Liliana Melo Molina",,2018-02-09,2018,2,9,40,,2018-2-9,Acari,"Terrestre; Suelo",116,,,,Eucalipto,Desconocido,Desconocido,Indeterminado,Indeterminado,1,"Embudos tipo Berlese-Tullgren modificado por 5 días, se extraen en etanol al 75 %",,"Alcohol 75 %",Ecuador,Pichincha,"Distrito Metropolitano de Quito",Tumbaco,CADET,,-0.231533,-78.369216,WGS84,,"S 0o 13,892 - W 78o 22,153",,,,,,2514,,,,,,,Spanish,"Elsa Liliana Melo Molina","2019-05-27 00:00:00",http://creativecommons.org/licenses/by-nc/4.0/,"Gobierno del Ecuador- INABIO","Sin fines de lucro",urn:uuid:7942e191-3618-4b8a-990c-45f422541694,https://bndb.sisbioecuador.bio:443/bndb/collections/individual/index.php?occid=7719795
7719796,INABIOEC,MECN-ACR,INABIO,5461e06e-d617-40ce-9440-a07ce57b2cf5,PreserverdSpecimen,0fbfb12a-218c-4cb9-b398-7834b1e90e67,35,,,,,,,,,,,,,,"Carlos Alberto Ortega Ojeda | Elsa Liliana Melo Molina",2019-04-01,,,,,,"Carlos Alberto Ortega Ojeda | Elsa Liliana Melo Molina",,2018-02-09,2018,2,9,40,,2018-2-9,Acari,"Terrestre; Hojarasca",119,,,,"ciruelo chino?",Desconocido,Desconocido,Indeterminado,Indeterminado,33,"Embudos tipo Berlese-Tullgren modificado por 5 días, se extraen en etanol al 75 %",,"Alcohol 75 %",Ecuador,Pichincha,"Distrito Metropolitano de Quito",Tumbaco,CADET,,-0.231533,-78.369916,WGS84,,"S 0o 13,869 - W 78o 22,195",,,,,,2502,,,,,,,Spanish,"Elsa Liliana Melo Molina","2019-05-27 00:00:00",http://creativecommons.org/licenses/by-nc/4.0/,"Gobierno del Ecuador- INABIO","Sin fines de lucro",urn:uuid:0fbfb12a-218c-4cb9-b398-7834b1e90e67,https://bndb.sisbioecuador.bio:443/bndb/collections/individual/index.php?occid=7719796
7719797,INABIOEC,MECN-ACR,INABIO,5461e06e-d617-40ce-9440-a07ce57b2cf5,PreserverdSpecimen,e5376498-57d1-407b-a0c6-c33b0b5c683d,36,,,,,,,,,,,,,,"Carlos Alberto Ortega Ojeda | Elsa Liliana Melo Molina",2019-04-01,,,,,,"Carlos Alberto Ortega Ojeda | Elsa Liliana Melo Molina",,2018-02-09,2018,2,9,40,,2018-2-9,Acari,"Terrestre; Suelo",120,,,,"ciruelo chino?",Desconocido,Desconocido,Indeterminado,Indeterminado,12,"Embudos tipo Berlese-Tullgren modificado por 5 días, se extraen en etanol al 75 %",,"Alcohol 75 %",Ecuador,Pichincha,"Distrito Metropolitano de Quito",Tumbaco,CADET,,-0.231533,-78.369916,WGS84,,"S 0o 13,869 - W 78o 22,195",,,,,,2502,,,,,,,Spanish,"Elsa Liliana Melo Molina","2019-05-27 00:00:00",http://creativecommons.org/licenses/by-nc/4.0/,"Gobierno del Ecuador- INABIO","Sin fines de lucro",urn:uuid:e5376498-57d1-407b-a0c6-c33b0b5c683d,https://bndb.sisbioecuador.bio:443/bndb/collections/individual/index.php?occid=7719797
7719798,INABIOEC,MECN-ACR,INABIO,5461e06e-d617-40ce-9440-a07ce57b2cf5,PreserverdSpecimen,29b0cd88-ccc1-491d-b0df-0af05b386a1c,37,,,,,,,,,,,,,,"Carlos Alberto Ortega Ojeda | Elsa Liliana Melo Molina",2019-04-01,,,,,,"Carlos Alberto Ortega Ojeda | Elsa Liliana Melo Molina",,2018-01-24,2018,1,24,24,,2018-1-24,Acari,"Terrestre; Suelo",130,,,,Banano,Desconocido,Desconocido,Indeterminado,Indeterminado,16,"Embudos tipo Berlese-Tullgren modificado por 5 días, se extraen en etanol al 75 %",,"Alcohol 75 %",Ecuador,Pichincha,"San Miguel de los Bancos",Mindo,"El Eden",,-0.080683,-78.746166,WGS84,,"S 0o 4,849 - W 78o 44,770",,,,,,1547,,,,,,,Spanish,"Elsa Liliana Melo Molina","2019-05-27 00:00:00",http://creativecommons.org/licenses/by-nc/4.0/,"Gobierno del Ecuador- INABIO","Sin fines de lucro",urn:uuid:29b0cd88-ccc1-491d-b0df-0af05b386a1c,https://bndb.sisbioecuador.bio:443/bndb/collections/individual/index.php?occid=7719798
7719799,INABIOEC,MECN-ACR,INABIO,5461e06e-d617-40ce-9440-a07ce57b2cf5,PreserverdSpecimen,ab7cb2a3-449a-4fae-9295-d9c9c34c29cd,38,,,,,,,,,,,,,,"Carlos Alberto Ortega Ojeda | Elsa Liliana Melo Molina",2019-04-01,,,,,,"Carlos Alberto Ortega Ojeda | Elsa Liliana Melo Molina",,2018-01-24,2018,1,24,24,,2018-1-24,Acari,"Terrestre; Hojarasca",133,,,,"Medicago sativa",Desconocido,Desconocido,Indeterminado,Indeterminado,1,"Embudos tipo Berlese-Tullgren modificado por 5 días, se extraen en etanol al 75 %",,"Alcohol 75 %",Ecuador,Pichincha,"San Miguel de los Bancos",Mindo,"El Eden",,-0.080683,-78.746166,WGS84,,"S 0o 4,849 - W 78o 44,770",,,,,,1547,,,,,,,Spanish,"Elsa Liliana Melo Molina","2019-05-27 00:00:00",http://creativecommons.org/licenses/by-nc/4.0/,"Gobierno del Ecuador- INABIO","Sin fines de lucro",urn:uuid:ab7cb2a3-449a-4fae-9295-d9c9c34c29cd,https://bndb.sisbioecuador.bio:443/bndb/collections/individual/index.php?occid=7719799
7719800,INABIOEC,MECN-ACR,INABIO,5461e06e-d617-40ce-9440-a07ce57b2cf5,PreserverdSpecimen,bc6694f7-fdf5-4462-b6ec-e61f1c63d69b,39,,,,,,,,,,,,,,"Carlos Alberto Ortega Ojeda | Elsa Liliana Melo Molina",2019-04-01,,,,,,"Carlos Alberto Ortega Ojeda | Elsa Liliana Melo Molina",,2018-01-24,2018,1,24,24,,2018-1-24,Acari,"Terrestre; Suelo",140,,,,Chocho,Desconocido,Desconocido,Indeterminado,Indeterminado,1,"Embudos tipo Berlese-Tullgren modificado por 5 días, se extraen en etanol al 75 %",,"Alcohol 75 %",Ecuador,Pichincha,"San Miguel de los Bancos",Mindo,"El Eden",,-0.080683,-78.746166,WGS84,,"S 0o 4,849 - W 78o 44,770",,,,,,1547,,,,,,,Spanish,"Elsa Liliana Melo Molina","2019-05-27 00:00:00",http://creativecommons.org/licenses/by-nc/4.0/,"Gobierno del Ecuador- INABIO","Sin fines de lucro",urn:uuid:bc6694f7-fdf5-4462-b6ec-e61f1c63d69b,https://bndb.sisbioecuador.bio:443/bndb/collections/individual/index.php?occid=7719800
7719801,INABIOEC,MECN-ACR,INABIO,5461e06e-d617-40ce-9440-a07ce57b2cf5,PreserverdSpecimen,0e03e353-b9a7-469a-8712-0577a0961746,40,,,,,,,,,,,,,,"Carlos Alberto Ortega Ojeda | Elsa Liliana Melo Molina",2019-04-01,,,,,,"Carlos Alberto Ortega Ojeda | Elsa Liliana Melo Molina",,2018-02-09,2018,2,9,40,,2018-2-9,Acari,"Terrestre; Hojarasca",161,,,,Lechero,Desconocido,Desconocido,Indeterminado,Indeterminado,10,"Embudos tipo Berlese-Tullgren modificado por 5 días, se extraen en etanol al 75 %",,"Alcohol 75 %",Ecuador,Pichincha,"Distrito Metropolitano de Quito",,CADET,,-0.231483,-78.3694,WGS84,,"S 0o 13,889 - W 78o 22,164",,,,,,2510,,,,,,,Spanish,"Elsa Liliana Melo Molina","2019-05-27 00:00:00",http://creativecommons.org/licenses/by-nc/4.0/,"Gobierno del Ecuador- INABIO","Sin fines de lucro",urn:uuid:0e03e353-b9a7-469a-8712-0577a0961746,https://bndb.sisbioecuador.bio:443/bndb/collections/individual/index.php?occid=7719801
7719802,INABIOEC,MECN-ACR,INABIO,5461e06e-d617-40ce-9440-a07ce57b2cf5,PreserverdSpecimen,4cc7c745-08a5-4f11-ab13-96addbddc524,41,,,,,,,,,,,,,,"Carlos Alberto Ortega Ojeda | Elsa Liliana Melo Molina",2019-04-01,,,,,,"Carlos Alberto Ortega Ojeda | Elsa Liliana Melo Molina",,2018-02-09,2018,2,9,40,,2018-2-9,Acari,"Terrestre; Suelo",162,,,,Lechero,Desconocido,Desconocido,Indeterminado,Indeterminado,8,"Embudos tipo Berlese-Tullgren modificado por 5 días, se extraen en etanol al 75 %",,"Alcohol 75 %",Ecuador,Pichincha,"Distrito Metropolitano de Quito",,CADET,,-0.231483,-78.3694,WGS84,,"S 0o 13,889 - W 78o 22,164",,,,,,2510,,,,,,,Spanish,"Elsa Liliana Melo Molina","2019-05-27 00:00:00",http://creativecommons.org/licenses/by-nc/4.0/,"Gobierno del Ecuador- INABIO","Sin fines de lucro",urn:uuid:4cc7c745-08a5-4f11-ab13-96addbddc524,https://bndb.sisbioecuador.bio:443/bndb/collections/individual/index.php?occid=7719802
7719803,INABIOEC,MECN-ACR,INABIO,5461e06e-d617-40ce-9440-a07ce57b2cf5,PreserverdSpecimen,ef9fc8c5-bef6-4950-b046-573830d6c5fe,42,,,,,,,,,,,,,,"Carlos Alberto Ortega Ojeda | Elsa Liliana Melo Molina",2019-04-01,,,,,,"Carlos Alberto Ortega Ojeda | Elsa Liliana Melo Molina",,2018-02-09,2018,2,9,40,,2018-2-9,Acari,"Terrestre; Suelo",166,,,,"Cholán o chinchín",Desconocido,Desconocido,Indeterminado,Indeterminado,2,"Embudos tipo Berlese-Tullgren modificado por 5 días, se extraen en etanol al 75 %",,"Alcohol 75 %",Ecuador,Pichincha,"Distrito Metropolitano de Quito",,CADET,,-0.231666,-78.369083,WGS84,,"S 0o 13,900 - W 78o 22,145",,,,,,2505,,,,,,,Spanish,"Elsa Liliana Melo Molina","2019-05-27 00:00:00",http://creativecommons.org/licenses/by-nc/4.0/,"Gobierno del Ecuador- INABIO","Sin fines de lucro",urn:uuid:ef9fc8c5-bef6-4950-b046-573830d6c5fe,https://bndb.sisbioecuador.bio:443/bndb/collections/individual/index.php?occid=7719803
7719804,INABIOEC,MECN-ACR,INABIO,5461e06e-d617-40ce-9440-a07ce57b2cf5,PreserverdSpecimen,7513b510-2f2f-4265-844d-1eea87bd908d,43,,,,,,,,,,,,,,"Carlos Alberto Ortega Ojeda | Elsa Liliana Melo Molina",2019-04-01,,,,,,"Carlos Alberto Ortega Ojeda | Elsa Liliana Melo Molina",,2018-02-09,2018,2,9,40,,2018-2-9,Acari,"Terrestre; Hojarasca",167,,,,Supirrosa,Desconocido,Desconocido,Indeterminado,Indeterminado,17,"Embudos tipo Berlese-Tullgren modificado por 5 días, se extraen en etanol al 75 %",,"Alcohol 75 %",Ecuador,Pichincha,"Distrito Metropolitano de Quito",,CADET,,-0.230283,-78.369416,WGS84,,"S 0o 13,814 - W 78o 22,165",,,,,,2509,,,,,,,Spanish,"Elsa Liliana Melo Molina","2019-05-27 00:00:00",http://creativecommons.org/licenses/by-nc/4.0/,"Gobierno del Ecuador- INABIO","Sin fines de lucro",urn:uuid:7513b510-2f2f-4265-844d-1eea87bd908d,https://bndb.sisbioecuador.bio:443/bndb/collections/individual/index.php?occid=7719804
7719805,INABIOEC,MECN-ACR,INABIO,5461e06e-d617-40ce-9440-a07ce57b2cf5,PreserverdSpecimen,b399ecd8-a9c4-4f68-922e-b29d4e54a14a,44,,,,,,,,,,,,,,"Carlos Alberto Ortega Ojeda | Elsa Liliana Melo Molina",2019-04-01,,,,,,"Carlos Alberto Ortega Ojeda | Elsa Liliana Melo Molina",,2018-02-09,2018,2,9,40,,2018-2-9,Acari,"Terrestre; Suelo",168,,,,Supirrosa,Desconocido,Desconocido,Indeterminado,Indeterminado,21,"Embudos tipo Berlese-Tullgren modificado por 5 días, se extraen en etanol al 75 %",,"Alcohol 75 %",Ecuador,Pichincha,"Distrito Metropolitano de Quito",,CADET,,-0.230283,-78.369416,WGS84,,"S 0o 13,814 - W 78o 22,165",,,,,,2509,,,,,,,Spanish,"Elsa Liliana Melo Molina","2019-05-27 00:00:00",http://creativecommons.org/licenses/by-nc/4.0/,"Gobierno del Ecuador- INABIO","Sin fines de lucro",urn:uuid:b399ecd8-a9c4-4f68-922e-b29d4e54a14a,https://bndb.sisbioecuador.bio:443/bndb/collections/individual/index.php?occid=7719805
7719806,INABIOEC,MECN-ACR,INABIO,5461e06e-d617-40ce-9440-a07ce57b2cf5,PreserverdSpecimen,5c138fc3-8514-48f4-858b-fa7f592877df,45,,,,,,,,,,,,,,"Carlos Alberto Ortega Ojeda | Elsa Liliana Melo Molina",2019-04-01,,,,,,"Carlos Alberto Ortega Ojeda | Elsa Liliana Melo Molina",,2018-02-09,2018,2,9,40,,2018-2-9,Acari,"Terrestre; Suelo",170,,,,Jícama,Desconocido,Desconocido,Indeterminado,Indeterminado,20,"Embudos tipo Berlese-Tullgren modificado por 5 días, se extraen en etanol al 75 %",,"Alcohol 75 %",Ecuador,Pichincha,"Distrito Metropolitano de Quito",,CADET,,-0.230066,-78.369583,WGS84,,"S 0o 13,804 - W 78o 22,175",,,,,,2507,,,,,,,Spanish,"Elsa Liliana Melo Molina","2019-05-27 00:00:00",http://creativecommons.org/licenses/by-nc/4.0/,"Gobierno del Ecuador- INABIO","Sin fines de lucro",urn:uuid:5c138fc3-8514-48f4-858b-fa7f592877df,https://bndb.sisbioecuador.bio:443/bndb/collections/individual/index.php?occid=7719806
7719807,INABIOEC,MECN-ACR,INABIO,5461e06e-d617-40ce-9440-a07ce57b2cf5,PreserverdSpecimen,137b9638-9ab8-42a6-970b-281a7ffe487d,46,,,,,,,,,,,,,,"Carlos Alberto Ortega Ojeda | Elsa Liliana Melo Molina",2019-04-01,,,,,,"Carlos Alberto Ortega Ojeda | Elsa Liliana Melo Molina",,2019-01-24,2019,1,24,24,,2019-1-24,Acari,"Terrestre; Suelo",176,,,,Eucalipto,Desconocido,Desconocido,Indeterminado,Indeterminado,3,"Embudos tipo Berlese-Tullgren modificado por 5 días, se extraen en etanol al 75 %",,"Alcohol 75 %",Ecuador,Pichincha,"San Miguel de los Bancos",,"El Edén, Mindo",,-0.081333,-78.74605,WGS84,,"S 0o 4,847 - W 78o 44,763",,,,,,1547,,,,,,,Spanish,"Elsa Liliana Melo Molina","2019-05-27 00:00:00",http://creativecommons.org/licenses/by-nc/4.0/,"Gobierno del Ecuador- INABIO","Sin fines de lucro",urn:uuid:137b9638-9ab8-42a6-970b-281a7ffe487d,https://bndb.sisbioecuador.bio:443/bndb/collections/individual/index.php?occid=7719807
7719808,INABIOEC,MECN-ACR,INABIO,5461e06e-d617-40ce-9440-a07ce57b2cf5,PreserverdSpecimen,66a4c27a-9c88-4d33-8b38-0ab387081c37,47,,,,,,,,,,,,,,"Carlos Alberto Ortega Ojeda | Elsa Liliana Melo Molina",2019-04-01,,,,,,"Carlos Alberto Ortega Ojeda | Elsa Liliana Melo Molina",,2018-02-10,2018,2,10,41,,2018-2-10,Acari,"Terrestre; Suelo",186,,,,"Diente de León",Desconocido,Desconocido,Indeterminado,Indeterminado,1,"Embudos tipo Berlese-Tullgren modificado por 5 días, se extraen en etanol al 75 %",,"Alcohol 75 %",Ecuador,Pichincha,Rumiñahui,Sangolqui,"IASA I",,-0.384633,-78.4156,WGS84,,"S 0o 23,078 - W 78o 24,936",,,,,,2709,,,,,,,Spanish,"Elsa Liliana Melo Molina","2019-05-27 00:00:00",http://creativecommons.org/licenses/by-nc/4.0/,"Gobierno del Ecuador- INABIO","Sin fines de lucro",urn:uuid:66a4c27a-9c88-4d33-8b38-0ab387081c37,https://bndb.sisbioecuador.bio:443/bndb/collections/individual/index.php?occid=7719808
7719809,INABIOEC,MECN-ACR,INABIO,5461e06e-d617-40ce-9440-a07ce57b2cf5,PreserverdSpecimen,d7c493d6-b06b-420b-8ddf-cb9c02d60c87,48,,,,,,,,,,,,,,"Carlos Alberto Ortega Ojeda | Elsa Liliana Melo Molina",2019-04-01,,,,,,"Carlos Alberto Ortega Ojeda | Elsa Liliana Melo Molina",,2018-02-10,2018,2,10,41,,2018-2-10,Acari,"Terrestre; Suelo",190,,,,"Tomate árbol",Desconocido,Desconocido,Indeterminado,Indeterminado,1,"Embudos tipo Berlese-Tullgren modificado por 5 días, se extraen en etanol al 75 %",,"Alcohol 75 %",Ecuador,Pichincha,Rumiñahui,Sangolqui,"IASA I",,-0.384633,-78.4156,WGS84,,"S 0o 23,078 - W 78o 24,936",,,,,,2709,,,,,,,Spanish,"Elsa Liliana Melo Molina","2019-05-27 00:00:00",http://creativecommons.org/licenses/by-nc/4.0/,"Gobierno del Ecuador- INABIO","Sin fines de lucro",urn:uuid:d7c493d6-b06b-420b-8ddf-cb9c02d60c87,https://bndb.sisbioecuador.bio:443/bndb/collections/individual/index.php?occid=7719809
7719810,INABIOEC,MECN-ACR,INABIO,5461e06e-d617-40ce-9440-a07ce57b2cf5,PreserverdSpecimen,b5c675e7-7e9c-4511-9f32-a39bfaecd3b9,49,,,,,,,,,,,,,,"Carlos Alberto Ortega Ojeda | Elsa Liliana Melo Molina",2019-04-01,,,,,,"Carlos Alberto Ortega Ojeda | Elsa Liliana Melo Molina",,2018-02-10,2018,2,10,41,,2018-2-10,Acari,"Terrestre; Suelo",196,,,,Menta,Desconocido,Desconocido,Indeterminado,Indeterminado,3,"Embudos tipo Berlese-Tullgren modificado por 5 días, se extraen en etanol al 75 %",,"Alcohol 75 %",Ecuador,Pichincha,Rumiñahui,Sangolqui,"IASA I",,-0.384633,-78.4156,WGS84,,"S 0o 23,078 - W 78o 24,936",,,,,,2709,,,,,,,Spanish,"Elsa Liliana Melo Molina","2019-05-27 00:00:00",http://creativecommons.org/licenses/by-nc/4.0/,"Gobierno del Ecuador- INABIO","Sin fines de lucro",urn:uuid:b5c675e7-7e9c-4511-9f32-a39bfaecd3b9,https://bndb.sisbioecuador.bio:443/bndb/collections/individual/index.php?occid=7719810
7719811,INABIOEC,MECN-ACR,INABIO,5461e06e-d617-40ce-9440-a07ce57b2cf5,PreserverdSpecimen,9f8972ae-a904-4fd7-8728-795eebea1606,50,,,,,,,,,,,,,,"Carlos Alberto Ortega Ojeda | Elsa Liliana Melo Molina",2019-04-01,,,,,,"Carlos Alberto Ortega Ojeda | Elsa Liliana Melo Molina",,2018-02-21,2018,2,21,52,,2018-2-21,Acari,"Terrestre; Suelo",206,,,,Camote,Desconocido,Desconocido,Indeterminado,Indeterminado,19,"Embudos tipo Berlese-Tullgren modificado por 5 días, se extraen en etanol al 75 %",,"Alcohol 75 %",Ecuador,Sucumbíos,"Gonzalo Pizarro","El Reventador","Alma Ecuatoriana",,-0.009116,-77.462266,WGS84,,"S 0o 0,547 - W 77o 28,336",,,,,,1165,,,,,,,Spanish,"Elsa Liliana Melo Molina","2019-05-27 00:00:00",http://creativecommons.org/licenses/by-nc/4.0/,"Gobierno del Ecuador- INABIO","Sin fines de lucro",urn:uuid:9f8972ae-a904-4fd7-8728-795eebea1606,https://bndb.sisbioecuador.bio:443/bndb/collections/individual/index.php?occid=7719811
7719812,INABIOEC,MECN-ACR,INABIO,5461e06e-d617-40ce-9440-a07ce57b2cf5,PreserverdSpecimen,642663b4-cd6d-4077-821b-8769e2175b98,51,,,,,,,,,,,,,,"Carlos Alberto Ortega Ojeda | Elsa Liliana Melo Molina",2019-04-01,,,,,,"Carlos Alberto Ortega Ojeda | Elsa Liliana Melo Molina",,2018-02-21,2018,2,21,52,,2018-2-21,Acari,"Terrestre; Hojarasca",207,,,,Naranjilla,Desconocido,Desconocido,Indeterminado,Indeterminado,2,"Embudos tipo Berlese-Tullgren modificado por 5 días, se extraen en etanol al 75 %",,"Alcohol 75 %",Ecuador,Sucumbíos,"Gonzalo Pizarro","El Reventador","Alma Ecuatoriana",,-0.009116,-77.462266,WGS84,,"S 0o 0,547 - W 77o 28,336",,,,,,1165,,,,,,,Spanish,"Elsa Liliana Melo Molina","2019-05-27 00:00:00",http://creativecommons.org/licenses/by-nc/4.0/,"Gobierno del Ecuador- INABIO","Sin fines de lucro",urn:uuid:642663b4-cd6d-4077-821b-8769e2175b98,https://bndb.sisbioecuador.bio:443/bndb/collections/individual/index.php?occid=7719812
7719813,INABIOEC,MECN-ACR,INABIO,5461e06e-d617-40ce-9440-a07ce57b2cf5,PreserverdSpecimen,e973a639-47f1-43c5-932a-36049e32a749,52,,,,,,,,,,,,,,"Carlos Alberto Ortega Ojeda | Elsa Liliana Melo Molina",2019-04-01,,,,,,"Carlos Alberto Ortega Ojeda | Elsa Liliana Melo Molina",,2018-02-21,2018,2,21,52,,2018-2-21,Acari,"Terrestre; Suelo",208,,,,Naranjilla,Desconocido,Desconocido,Indeterminado,Indeterminado,5,"Embudos tipo Berlese-Tullgren modificado por 5 días, se extraen en etanol al 75 %",,"Alcohol 75 %",Ecuador,Sucumbíos,"Gonzalo Pizarro","El Reventador","Alma Ecuatoriana",,-0.009116,-77.462266,WGS84,,"S 0o 0,547 - W 77o 28,336",,,,,,1165,,,,,,,Spanish,"Elsa Liliana Melo Molina","2019-05-27 00:00:00",http://creativecommons.org/licenses/by-nc/4.0/,"Gobierno del Ecuador- INABIO","Sin fines de lucro",urn:uuid:e973a639-47f1-43c5-932a-36049e32a749,https://bndb.sisbioecuador.bio:443/bndb/collections/individual/index.php?occid=7719813
7719814,INABIOEC,MECN-ACR,INABIO,5461e06e-d617-40ce-9440-a07ce57b2cf5,PreserverdSpecimen,31ecc164-a4cb-47af-80ba-1ed15acae04a,53,,,,,,,,,,,,,,"Carlos Alberto Ortega Ojeda | Elsa Liliana Melo Molina",2019-04-01,,,,,,"Carlos Alberto Ortega Ojeda | Elsa Liliana Melo Molina",,2018-02-21,2018,2,21,52,,2018-2-21,Acari,"Terrestre; Hojarasca",217,,,,"Anís Piper",Desconocido,Desconocido,Indeterminado,Indeterminado,3,"Embudos tipo Berlese-Tullgren modificado por 5 días, se extraen en etanol al 75 %",,"Alcohol 75 %",Ecuador,Sucumbíos,"Gonzalo Pizarro","El Reventador","Alma Ecuatoriana",,-0.009116,-77.462266,WGS84,,"S 0o 0,547 - W 77o 28,336",,,,,,1165,,,,,,,Spanish,"Elsa Liliana Melo Molina","2019-05-27 00:00:00",http://creativecommons.org/licenses/by-nc/4.0/,"Gobierno del Ecuador- INABIO","Sin fines de lucro",urn:uuid:31ecc164-a4cb-47af-80ba-1ed15acae04a,https://bndb.sisbioecuador.bio:443/bndb/collections/individual/index.php?occid=7719814
7719815,INABIOEC,MECN-ACR,INABIO,5461e06e-d617-40ce-9440-a07ce57b2cf5,PreserverdSpecimen,79bfba0f-39e9-4b9c-b352-4fa643e210c3,54,,,,,,,,,,,,,,"Carlos Alberto Ortega Ojeda | Elsa Liliana Melo Molina",2019-04-01,,,,,,"Carlos Alberto Ortega Ojeda | Elsa Liliana Melo Molina",,2018-02-21,2018,2,21,52,,2018-2-21,Acari,"Terrestre; Hojarasca",221,,,,"Limon Meyer",Desconocido,Desconocido,Indeterminado,Indeterminado,1,"Embudos tipo Berlese-Tullgren modificado por 5 días, se extraen en etanol al 75 %",,"Alcohol 75 %",Ecuador,Orellana,"Joya de los Sachas","Via Sacha-Coca","Nueva Loja (Este)",,-0.100866,-76.870583,WGS84,,"S 0o 6,052 - W 76o 52,235",,,,,,294,,,,,,,Spanish,"Elsa Liliana Melo Molina","2019-05-27 00:00:00",http://creativecommons.org/licenses/by-nc/4.0/,"Gobierno del Ecuador- INABIO","Sin fines de lucro",urn:uuid:79bfba0f-39e9-4b9c-b352-4fa643e210c3,https://bndb.sisbioecuador.bio:443/bndb/collections/individual/index.php?occid=7719815
7719816,INABIOEC,MECN-ACR,INABIO,5461e06e-d617-40ce-9440-a07ce57b2cf5,PreserverdSpecimen,e866aa61-0caf-4098-8a75-5b8bff3690c8,55,,,,,,,,,,,,,,"Carlos Alberto Ortega Ojeda | Elsa Liliana Melo Molina",2019-04-01,,,,,,"Carlos Alberto Ortega Ojeda | Elsa Liliana Melo Molina",,2018-02-21,2018,2,21,52,,2018-2-21,Acari,"Terrestre; Suelo",222,,,,"Limon Meyer",Desconocido,Desconocido,Indeterminado,Indeterminado,1,"Embudos tipo Berlese-Tullgren modificado por 5 días, se extraen en etanol al 75 %",,"Alcohol 75 %",Ecuador,Orellana,"Joya de los Sachas","Via Sacha-Coca","Nueva Loja (Este)",,-0.100866,-76.870583,WGS84,,"S 0o 6,052 - W 76o 52,235",,,,,,294,,,,,,,Spanish,"Elsa Liliana Melo Molina","2019-05-27 00:00:00",http://creativecommons.org/licenses/by-nc/4.0/,"Gobierno del Ecuador- INABIO","Sin fines de lucro",urn:uuid:e866aa61-0caf-4098-8a75-5b8bff3690c8,https://bndb.sisbioecuador.bio:443/bndb/collections/individual/index.php?occid=7719816
7719817,INABIOEC,MECN-ACR,INABIO,5461e06e-d617-40ce-9440-a07ce57b2cf5,PreserverdSpecimen,54c11fda-1013-45e6-9b69-deced8c606de,56,,,,,,,,,,,,,,"Carlos Alberto Ortega Ojeda | Elsa Liliana Melo Molina",2019-04-01,,,,,,"Carlos Alberto Ortega Ojeda | Elsa Liliana Melo Molina",,2018-02-21,2018,2,21,52,,2018-2-21,Acari,"Terrestre; Hojarasca",223,,,,Guayabo,Desconocido,Desconocido,Indeterminado,Indeterminado,2,"Embudos tipo Berlese-Tullgren modificado por 5 días, se extraen en etanol al 75 %",,"Alcohol 75 %",Ecuador,Orellana,"Joya de los Sachas","Via Sacha-Coca","Nueva Loja (Este)",,-0.100866,-76.870583,WGS84,,"S 0o 6,052 - W 76o 52,235",,,,,,294,,,,,,,Spanish,"Elsa Liliana Melo Molina","2019-05-27 00:00:00",http://creativecommons.org/licenses/by-nc/4.0/,"Gobierno del Ecuador- INABIO","Sin fines de lucro",urn:uuid:54c11fda-1013-45e6-9b69-deced8c606de,https://bndb.sisbioecuador.bio:443/bndb/collections/individual/index.php?occid=7719817
7719818,INABIOEC,MECN-ACR,INABIO,5461e06e-d617-40ce-9440-a07ce57b2cf5,PreserverdSpecimen,ec468559-fca4-4673-9e50-6a781e5544e3,57,,,,,,,,,,,,,,"Carlos Alberto Ortega Ojeda | Elsa Liliana Melo Molina",2019-04-01,,,,,,"Carlos Alberto Ortega Ojeda | Elsa Liliana Melo Molina",,2018-02-21,2018,2,21,52,,2018-2-21,Acari,"Terrestre; Hojarasca",225,,,,"Plátano barraganete",Desconocido,Desconocido,Indeterminado,Indeterminado,17,"Embudos tipo Berlese-Tullgren modificado por 5 días, se extraen en etanol al 75 %",,"Alcohol 75 %",Ecuador,Sucumbíos,"Joya de los Sachas","San Pedro de los Cofabes","Nueva Loja (Este)",,-0.10075,-76.870766,WGS84,,"S 0o 6,045 - W 76o 52,246",,,,,,300,,,,,,,Spanish,"Elsa Liliana Melo Molina","2019-05-27 00:00:00",http://creativecommons.org/licenses/by-nc/4.0/,"Gobierno del Ecuador- INABIO","Sin fines de lucro",urn:uuid:ec468559-fca4-4673-9e50-6a781e5544e3,https://bndb.sisbioecuador.bio:443/bndb/collections/individual/index.php?occid=7719818
7719819,INABIOEC,MECN-ACR,INABIO,5461e06e-d617-40ce-9440-a07ce57b2cf5,PreserverdSpecimen,4f1a3fd1-ae35-4615-9e8a-e7b410b620e4,58,,,,,,,,,,,,,,"Carlos Alberto Ortega Ojeda | Elsa Liliana Melo Molina",2019-04-01,,,,,,"Carlos Alberto Ortega Ojeda | Elsa Liliana Melo Molina",,2018-02-26,2018,2,26,57,,2018-2-26,Acari,"Terrestre; Suelo",232,,,,Guayaba,Desconocido,Desconocido,Indeterminado,Indeterminado,9,"Embudos tipo Berlese-Tullgren modificado por 5 días, se extraen en etanol al 75 %",,"Alcohol 75 %",Ecuador,Orellana,"Joya de los Sachas",,"Via Sacha-Coca",,-0.327016,-76.888116,WGS84,,"S 0o 19,621 - W 76o 53,287",,,,,,283,,,,,,,Spanish,"Elsa Liliana Melo Molina","2019-05-27 00:00:00",http://creativecommons.org/licenses/by-nc/4.0/,"Gobierno del Ecuador- INABIO","Sin fines de lucro",urn:uuid:4f1a3fd1-ae35-4615-9e8a-e7b410b620e4,https://bndb.sisbioecuador.bio:443/bndb/collections/individual/index.php?occid=7719819
7719820,INABIOEC,MECN-ACR,INABIO,5461e06e-d617-40ce-9440-a07ce57b2cf5,PreserverdSpecimen,32aeaeb8-98b3-44cd-a4cc-784efb2379e9,59,,,,,,,,,,,,,,"Carlos Alberto Ortega Ojeda | Elsa Liliana Melo Molina",2019-04-01,,,,,,"Carlos Alberto Ortega Ojeda | Elsa Liliana Melo Molina",,2018-02-26,2018,2,26,57,,2018-2-26,Acari,"Terrestre; Suelo",234,,,,"Yerba Luisa",Desconocido,Desconocido,Indeterminado,Indeterminado,12,"Embudos tipo Berlese-Tullgren modificado por 5 días, se extraen en etanol al 75 %",,"Alcohol 75 %",Ecuador,Orellana,"Joya de los Sachas",,"Via Sacha-Coca",,-0.327033,-76.88815,WGS84,,"S 0o 19,622 - W 76o 53,289",,,,,,275,,,,,,,Spanish,"Elsa Liliana Melo Molina","2019-05-27 00:00:00",http://creativecommons.org/licenses/by-nc/4.0/,"Gobierno del Ecuador- INABIO","Sin fines de lucro",urn:uuid:32aeaeb8-98b3-44cd-a4cc-784efb2379e9,https://bndb.sisbioecuador.bio:443/bndb/collections/individual/index.php?occid=7719820
7719821,INABIOEC,MECN-ACR,INABIO,5461e06e-d617-40ce-9440-a07ce57b2cf5,PreserverdSpecimen,b07b165a-05cb-4466-8f0d-32379c6c11bb,60,,,,,,,,,,,,,,"Carlos Alberto Ortega Ojeda | Elsa Liliana Melo Molina",2019-04-01,,,,,,"Carlos Alberto Ortega Ojeda | Elsa Liliana Melo Molina",,2018-02-26,2018,2,26,57,,2018-2-26,Acari,"Terrestre; Suelo",248,,,,Caña,Desconocido,Desconocido,Indeterminado,Indeterminado,34,"Embudos tipo Berlese-Tullgren modificado por 5 días, se extraen en etanol al 75 %",,"Alcohol 75 %",Ecuador,Orellana,"Joya de los Sachas",,"Via Sacha-Coca",,-0.327033,-76.88816,WGS84,,"S 0o 19,613 - W 76o 53,295",,,,,,275,,,,,,,Spanish,"Elsa Liliana Melo Molina","2019-05-27 00:00:00",http://creativecommons.org/licenses/by-nc/4.0/,"Gobierno del Ecuador- INABIO","Sin fines de lucro",urn:uuid:b07b165a-05cb-4466-8f0d-32379c6c11bb,https://bndb.sisbioecuador.bio:443/bndb/collections/individual/index.php?occid=7719821
7719822,INABIOEC,MECN-ACR,INABIO,5461e06e-d617-40ce-9440-a07ce57b2cf5,PreserverdSpecimen,398c095a-8d39-4abf-af2a-a2c76aa09bd8,61,,,,,,,,,,,,,,"Carlos Alberto Ortega Ojeda | Elsa Liliana Melo Molina",2019-04-01,,,,,,"Carlos Alberto Ortega Ojeda | Elsa Liliana Melo Molina",,2018-02-26,2018,2,26,57,,2018-2-26,Acari,"Terrestre; Hojarasca",249,,,,Canela,Desconocido,Desconocido,Indeterminado,Indeterminado,18,"Embudos tipo Berlese-Tullgren modificado por 5 días, se extraen en etanol al 75 %",,"Alcohol 75 %",Ecuador,Orellana,"Joya de los Sachas",,"Via Sacha-Coca",,-0.327033,-76.88818,WGS84,,"S 0o 19,613 - W 76o 53,295",,,,,,275,,,,,,,Spanish,"Elsa Liliana Melo Molina","2019-05-27 00:00:00",http://creativecommons.org/licenses/by-nc/4.0/,"Gobierno del Ecuador- INABIO","Sin fines de lucro",urn:uuid:398c095a-8d39-4abf-af2a-a2c76aa09bd8,https://bndb.sisbioecuador.bio:443/bndb/collections/individual/index.php?occid=7719822
7719823,INABIOEC,MECN-ACR,INABIO,5461e06e-d617-40ce-9440-a07ce57b2cf5,PreserverdSpecimen,275c9a60-c46b-4aa5-a8c6-2317d572ef27,62,,,,,,,,,,,,,,"Carlos Alberto Ortega Ojeda | Elsa Liliana Melo Molina",2019-04-01,,,,,,"Carlos Alberto Ortega Ojeda | Elsa Liliana Melo Molina",,2018-02-26,2018,2,26,57,,2018-2-26,Acari,"Terrestre; Hojarasca",251,,,,Caña,Desconocido,Desconocido,Indeterminado,Indeterminado,81,"Embudos tipo Berlese-Tullgren modificado por 5 días, se extraen en etanol al 75 %",,"Alcohol 75 %",Ecuador,Orellana,"Joya de los Sachas",,"Via Sacha-Coca",,-0.327033,-76.8882,WGS84,,"S 0o 19,622 - W 76o 53,292",,,,,,278,,,,,,,Spanish,"Elsa Liliana Melo Molina","2019-05-27 00:00:00",http://creativecommons.org/licenses/by-nc/4.0/,"Gobierno del Ecuador- INABIO","Sin fines de lucro",urn:uuid:275c9a60-c46b-4aa5-a8c6-2317d572ef27,https://bndb.sisbioecuador.bio:443/bndb/collections/individual/index.php?occid=7719823
7719824,INABIOEC,MECN-ACR,INABIO,5461e06e-d617-40ce-9440-a07ce57b2cf5,PreserverdSpecimen,65139c79-c8ad-4e4d-a199-10ebda03747e,63,,,,,,,,,,,,,,"Carlos Alberto Ortega Ojeda | Elsa Liliana Melo Molina",2019-04-01,,,,,,"Carlos Alberto Ortega Ojeda | Elsa Liliana Melo Molina",,2018-02-21,2018,2,21,52,,2018-2-21,Acari,"Terrestre; Suelo",262,,,,Frambuesa,Desconocido,Desconocido,Indeterminado,Indeterminado,13,"Embudos tipo Berlese-Tullgren modificado por 5 días, se extraen en etanol al 75 %",,"Alcohol 75 %",Ecuador,Sucumbíos,"Gonzalo Pizarro","El Reventador","Alma Ecuatoriana",,-0.008966,-77.4723,WGS84,,"S 0o 0,538 - W 77o 28,338",,,,,,1187,,,,,,,Spanish,"Elsa Liliana Melo Molina","2019-05-27 00:00:00",http://creativecommons.org/licenses/by-nc/4.0/,"Gobierno del Ecuador- INABIO","Sin fines de lucro",urn:uuid:65139c79-c8ad-4e4d-a199-10ebda03747e,https://bndb.sisbioecuador.bio:443/bndb/collections/individual/index.php?occid=7719824
7719825,INABIOEC,MECN-ACR,INABIO,5461e06e-d617-40ce-9440-a07ce57b2cf5,PreserverdSpecimen,a9ed9740-79af-423c-85d6-d7a508ec505c,64,,,,,,,,,,,,,,"Carlos Alberto Ortega Ojeda | Elsa Liliana Melo Molina",2019-04-01,,,,,,"Carlos Alberto Ortega Ojeda | Elsa Liliana Melo Molina",,2018-02-21,2018,2,21,52,,2018-2-21,Acari,"Terrestre; Hojarasca",265,,,,"Brumfelsia Solanaceae",Desconocido,Desconocido,Indeterminado,Indeterminado,13,"Embudos tipo Berlese-Tullgren modificado por 5 días, se extraen en etanol al 75 %",,"Alcohol 75 %",Ecuador,Sucumbíos,"Gonzalo Pizarro","El Reventador","Alma Ecuatoriana",,-0.00915,-77.472316,WGS84,,"S 0o 0,538 - W 77o 28,338",,,,,,1161,,,,,,,Spanish,"Elsa Liliana Melo Molina","2019-05-27 00:00:00",http://creativecommons.org/licenses/by-nc/4.0/,"Gobierno del Ecuador- INABIO","Sin fines de lucro",urn:uuid:a9ed9740-79af-423c-85d6-d7a508ec505c,https://bndb.sisbioecuador.bio:443/bndb/collections/individual/index.php?occid=7719825
7719826,INABIOEC,MECN-ACR,INABIO,5461e06e-d617-40ce-9440-a07ce57b2cf5,PreserverdSpecimen,35f68f85-6855-4ffe-a772-db7332f3dca9,65,,,,,,,,,,,,,,"Carlos Alberto Ortega Ojeda | Elsa Liliana Melo Molina",2019-04-01,,,,,,"Carlos Alberto Ortega Ojeda | Elsa Liliana Melo Molina",,2018-02-26,2018,2,26,57,,2018-2-26,Acari,"Terrestre; Suelo",282,,,,Araceae,Desconocido,Desconocido,Indeterminado,Indeterminado,20,"Embudos tipo Berlese-Tullgren modificado por 5 días, se extraen en etanol al 75 %",,"Alcohol 75 %",Ecuador,Orellana,"Joya de los Sachas",,"Via Sacha-Coca",,-0.3271,-76.8882,WGS84,,"S 0o 19,622 - W 76o 53,289",,,,,,275,,,,,,,Spanish,"Elsa Liliana Melo Molina","2019-05-27 00:00:00",http://creativecommons.org/licenses/by-nc/4.0/,"Gobierno del Ecuador- INABIO","Sin fines de lucro",urn:uuid:35f68f85-6855-4ffe-a772-db7332f3dca9,https://bndb.sisbioecuador.bio:443/bndb/collections/individual/index.php?occid=7719826
7719827,INABIOEC,MECN-ACR,INABIO,5461e06e-d617-40ce-9440-a07ce57b2cf5,PreserverdSpecimen,4e6e2dd6-118f-41ed-8ce7-e30c4f15c88e,66,,,,,,,,,,,,,,"Carlos Alberto Ortega Ojeda | Elsa Liliana Melo Molina",2019-04-01,,,,,,"Carlos Alberto Ortega Ojeda | Elsa Liliana Melo Molina",,2018-02-26,2018,2,26,57,,2018-2-26,Acari,"Terrestre; Suelo",294,,,,Borojó,Desconocido,Desconocido,Indeterminado,Indeterminado,30,"Embudos tipo Berlese-Tullgren modificado por 5 días, se extraen en etanol al 75 %",,"Alcohol 75 %",Ecuador,Orellana,"Joya de los Sachas",,"Via Sacha-Coca",,-0.3271,-76.88821,WGS84,,"S 0o 19,622 - W 76o 53,289",,,,,,275,,,,,,,Spanish,"Elsa Liliana Melo Molina","2019-05-27 00:00:00",http://creativecommons.org/licenses/by-nc/4.0/,"Gobierno del Ecuador- INABIO","Sin fines de lucro",urn:uuid:4e6e2dd6-118f-41ed-8ce7-e30c4f15c88e,https://bndb.sisbioecuador.bio:443/bndb/collections/individual/index.php?occid=7719827
7719828,INABIOEC,MECN-ACR,INABIO,5461e06e-d617-40ce-9440-a07ce57b2cf5,PreserverdSpecimen,fb713627-06ee-4567-8de9-52e824e93f3b,67,,,,,,,,,,,,,,"Carlos Alberto Ortega Ojeda | Elsa Liliana Melo Molina",2019-04-01,,,,,,"Carlos Alberto Ortega Ojeda | Elsa Liliana Melo Molina",,2018-02-26,2018,2,26,57,,2018-2-26,Acari,"Terrestre; Suelo",300,,,,"Pata de vaca",Desconocido,Desconocido,Indeterminado,Indeterminado,10,"Embudos tipo Berlese-Tullgren modificado por 5 días, se extraen en etanol al 75 %",,"Alcohol 75 %",Ecuador,Orellana,"Joya de los Sachas",,"Via Sacha-Coca",,-0.3271,-76.88823,WGS84,,"S 0o 19,626 - W 76o 53,294",,,,,,277,,,,,,,Spanish,"Elsa Liliana Melo Molina","2019-05-27 00:00:00",http://creativecommons.org/licenses/by-nc/4.0/,"Gobierno del Ecuador- INABIO","Sin fines de lucro",urn:uuid:fb713627-06ee-4567-8de9-52e824e93f3b,https://bndb.sisbioecuador.bio:443/bndb/collections/individual/index.php?occid=7719828
